"","Address","Rent","Beds","Ba","Area","Type","Laundry","Heating","Cooling","Pets","Parking"
"1","259 Dolores Street # FL 3RD, San Francisco, CA 94103 "," $2,850  /mo  ","1 bed","1 bath","600 sqft","Apartment","Shared","No Data","No Data","No","Off street"
"2","2450 Greenwich St # A, San Francisco, CA 94123 "," $2,550  /mo  ","Studio","1 bath","-- sqft","Apartment","No Data","No Data","No Data","No","On street"
"3","Divisadero StIncomplete address or missing price?Sometimes listing partners send Zillow listings that do not include a full address or price.To get more details on this property, please contact the listing agent, brokerage, or listing provider. San Francisco, CA 94115 "," $6,950  /mo  ","3 beds","1 bath","-- sqft","Apartment","Shared","No Data","No Data","No","Off street"
"4","85 Richland Ave APT 1, San Francisco, CA 94110 "," $2,195  /mo  ","1 bed","1 bath","-- sqft","Apartment","No Data","No Data","No Data","No","No Data"
"5","791 7th Ave # 2ND, San Francisco, CA 94118 "," $2,800  /mo  ","1 bed","1 bath","-- sqft","Apartment","No Data","No Data","No Data","No","On street"
"6","1980 Washington St, San Francisco, CA 94109 "," $4,600  /mo  ","1 bed","1 bath","900 sqft","Apartment","Shared","No Data","No Data","Cats","Garage - Attached"
"7","388 Beale,Apt 1211 388 Beale St, San Francisco, CA 94105 "," $4,184  /mo  ","1 bed","1 bath","808 sqft","Apartment","In Unit","No Data","No Data","Cats, large dogs, small dogs","Garage - Attached"
"8","388 Beale, 1902 388 Beale St, San Francisco, CA 94105 "," $5,897  /mo  ","2 beds","2 baths","1,224 sqft","Apartment","In Unit","No Data","No Data","Cats, large dogs, small dogs","Garage - Attached"
"9","77 Bluxome St, San Francisco, CA 94107 "," $2,452  /mo  ","Studio","1 bath","233 sqft","Apartment","No Data","No Data","No Data","No Data","No Data"
"10","3322 Buchanan St APT 311, San Francisco, CA 94123 "," $3,300  /mo  ","1 bed","1 bath","-- sqft","Multi Family","No Data","No Data","No Data","Cats","27 spaces"
"11","Mcallister StIncomplete address or missing price?Sometimes listing partners send Zillow listings that do not include a full address or price.To get more details on this property, please contact the listing agent, brokerage, or listing provider. San Francisco, CA 94118 "," $4,500  /mo  ","1 bed","1 bath","645 sqft","Multi Family","In Unit","No Data","No Data","No Data","No Data"
"12","Buena Vista TerIncomplete address or missing price?Sometimes listing partners send Zillow listings that do not include a full address or price.To get more details on this property, please contact the listing agent, brokerage, or listing provider. San Francisco, CA 94117 "," $5,400  /mo  ","2 beds","2 baths","1,100 sqft","Multi Family","In Unit","No Data","No Data","Small dogs","No Data"
"13","Union StIncomplete address or missing price?Sometimes listing partners send Zillow listings that do not include a full address or price.To get more details on this property, please contact the listing agent, brokerage, or listing provider. San Francisco, CA 94123 "," $5,500  /mo  ","Studio","1 bath","1,500 sqft","Multi Family","Shared","Forced air","None","No","On street"
"14","435 China Basin St, San Francisco, CA 94158 "," $4,800  /mo  ","2 beds","2 baths","1,170 sqft","Multi Family","In Unit","Forced air","Other","No Data","Garage - Attached"
"15","358 12th Ave, San Francisco, CA 94118 "," $3,800  /mo  ","3 beds","1 bath","1,300 sqft","Apartment","Shared","Forced air","No Data","Cats, small dogs","On street"
"16","775 Post St, San Francisco, CA 94109 "," $3,800  /mo  ","2 beds","1 bath","1,000 sqft","Apartment","Shared","No Data","No Data","Cats","No Data"
"17","300 Berry St 1503 300 Berry St # 1503, San Francisco, CA 94158 "," $3,600  /mo  ","1 bed","1 bath","732 sqft","Multi Family","No Data","No Data","No Data","No Data","No Data"
"18","146 Connecticut St APT 2, San Francisco, CA 94107 "," $6,000  /mo  ","3 beds","2 baths","1,516 sqft","Multi Family","No Data","No Data","No Data","No","No Data"
"19","1122 Sutter St APT 12, San Francisco, CA 94109 "," $1,800  /mo  ","Studio","1 bath","-- sqft","Apartment","No Data","Forced air","No Data","No","No Data"
"20","135 Evelyn Way # DETACH, San Francisco, CA 94127 "," $5,880  /mo  ","5 beds","3 baths","1,650 sqft","Apartment","In Unit","Forced air","No Data","No","On street"
"21","Russia AveIncomplete address or missing price?Sometimes listing partners send Zillow listings that do not include a full address or price.To get more details on this property, please contact the listing agent, brokerage, or listing provider. San Francisco, CA 94112 "," $3,000  /mo  ","2 beds","1 bath","940 sqft","Apartment","Shared","Forced air","No Data","No","No Data"
"22","1257 Bush St, San Francisco, CA 94109 "," $7,000  /mo  ","Studio","1 bath","-- sqft","Apartment","Shared","No Data","No Data","No Data","No Data"
"23","Venn,The Haight Ashbury floorplan 1844 Market St, San Francisco, CA 94102 "," $3,490+  /mo  ","1 bed","1 bath","676 sqft","Apartment","In Unit","No Data","No Data","No Data","No Data"
"24","1834 Eddy St, San Francisco, CA 94115 "," $2,500  /mo  ","1 bed","1 bath","1,396 sqft","Multi Family","No Data","No Data","No Data","No Data","No Data"
"25","2121 Turk Blvd APT 4, San Francisco, CA 94115 "," $4,000  /mo  ","2 beds","1 bath","980 sqft","Apartment","Shared","No Data","No Data","No","Garage - Attached"
"26","42 Terra Vista Ave APT 3, San Francisco, CA 94115 "," $4,000  /mo  ","1 bed","1 bath","880 sqft","Multi Family","In Unit","No Data","No Data","No Data","Garage - Detached, Off street"
"27","3726 Broderick St APT 2, San Francisco, CA 94123 "," $3,400  /mo  ","1 bed","1 bath","-- sqft","Apartment","Shared","No Data","No Data","No","Garage - Attached"
"28","Vallejo StIncomplete address or missing price?Sometimes listing partners send Zillow listings that do not include a full address or price.To get more details on this property, please contact the listing agent, brokerage, or listing provider. San Francisco, CA 94123 "," $5,350  /mo  ","2 beds","2 baths","1,500 sqft","Multi Family","Shared","Baseboard","Central","No","Garage - Attached"
"29","473 Elizabeth St APT 1, San Francisco, CA 94114 "," $3,995  /mo  ","2 beds","1 bath","875 sqft","Apartment","In Unit","Forced air","No Data","No","Carport"
"30","7700 Geary Blvd, San Francisco, CA 94121 "," $2,595  /mo  ","1 bed","1 bath","-- sqft","Apartment","No Data","No Data","No Data","Cats, small dogs","Garage - Attached"
"31","101 Leland Ave, San Francisco, CA 94134 "," $3,650  /mo  ","3 beds","2 baths","800 sqft","Apartment","No Data","No Data","No Data","No","No Data"
"32","790 California St, San Francisco, CA 94108 "," $2,450  /mo  ","Studio","1 bath","300 sqft","Apartment","Shared","No Data","No Data","Cats, small dogs","No Data"
"33","3476 18th St APT 26, San Francisco, CA 94110 "," $1,495  /mo  ","Studio","1 bath","-- sqft","Apartment","No Data","No Data","No Data","No","On street"
"34","2025 Pine St APT 10, San Francisco, CA 94115 "," $3,095  /mo  ","1 bed","1 bath","700 sqft","Apartment","No Data","No Data","No Data","Cats","Carport"
"35","166 Middlefield Dr # 166, San Francisco, CA 94132 "," $5,000  /mo  ","4 beds","3 baths","-- sqft","Multi Family","No Data","No Data","No Data","No Data","No Data"
"36","30 Liberty St, San Francisco, CA 94110 "," $2,525  /mo  ","Studio","1 bath","-- sqft","Multi Family","No Data","Wall","No Data","No","No Data"
"37","1862 23rd Ave, San Francisco, CA 94122 "," $4,500  /mo  ","2 beds","2 baths","2,278 sqft","Apartment","Shared","Forced air","Other","No","Garage - Attached, Off street, On street"
"38","124 Locksley Ave APT 1, San Francisco, CA 94122 "," $2,795  /mo  ","1 bed","1 bath","800 sqft","Multi Family","Shared","No Data","No Data","No Data","Garage - Detached, Off street"
"39","41 Cervantes Blvd, San Francisco, CA 94123 "," $8,950  /mo  ","3 beds","2 baths","1,750 sqft","Apartment","In Unit","Forced air","No Data","No","No Data"
"40","795 Pine St, San Francisco, CA 94108 "," $2,795  /mo  ","Studio","1 bath","892 sqft","Apartment","In Unit","Forced air","Other","No Data","Off street, On street"
"41","Sacramento StIncomplete address or missing price?Sometimes listing partners send Zillow listings that do not include a full address or price.To get more details on this property, please contact the listing agent, brokerage, or listing provider. San Francisco, CA 94115 "," $5,495  /mo  ","2 beds","2 baths","1,550 sqft","Multi Family","Shared","Radiant","No Data","No","Garage - Attached"
"42","Brosnan StIncomplete address or missing price?Sometimes listing partners send Zillow listings that do not include a full address or price.To get more details on this property, please contact the listing agent, brokerage, or listing provider. San Francisco, CA 94103 "," $8,500  /mo  ","3 beds","3.5 baths","-- sqft","Multi Family","In Unit","Forced air","None","Cats, small dogs","Garage - Attached"
"43","605 Washington St, San Francisco, CA 94111 "," $3,050  /mo  ","1 bed","1 bath","983 sqft","Apartment","No Data","No Data","No Data","Cats, small dogs","On street"
"44","1580 Lombard St APT 1, San Francisco, CA 94123 "," $3,950  /mo  ","2 beds","1 bath","725 sqft","Multi Family","No Data","No Data","No Data","No","Garage - Attached"
"45","345 Texas St, San Francisco, CA 94107 "," $4,200  /mo  ","2 beds","1 bath","3,250 sqft","Apartment","No Data","No Data","No Data","Cats","No Data"
"46","625 Leavenworth St APT 303, San Francisco, CA 94109 "," $2,095  /mo  ","Studio","1 bath","-- sqft","Apartment","Shared","No Data","No Data","No","No Data"
"47","833 Ashbury St APT 4, San Francisco, CA 94117 "," $4,500  /mo  ","2 beds","1 bath","1,000 sqft","Apartment","Shared","No Data","No Data","Cats, large dogs, small dogs","No Data"
"48","756 Page St APT 5, San Francisco, CA 94117 "," $5,895  /mo  ","3 beds","2 baths","-- sqft","Apartment","No Data","No Data","No Data","Cats, large dogs, small dogs","No Data"
"49","1433 Clay St APT 15, San Francisco, CA 94109 "," $5,995  /mo  ","3 beds","2 baths","-- sqft","Apartment","In Unit","No Data","No Data","Cats, large dogs, small dogs","No Data"
"50","802 Hayes St APT 6, San Francisco, CA 94117 "," $2,250  /mo  ","1 bed","1 bath","-- sqft","Multi Family","No Data","No Data","No Data","Cats","No Data"
"51","2669 California St APT 1, San Francisco, CA 94115 "," $3,000  /mo  ","1 bed","1 bath","850 sqft","Apartment","Shared","Forced air","No Data","No","On street"
"52","3035 Baker St, San Francisco, CA 94123 "," $5,395  /mo  ","2 beds","2 baths","830 sqft","Apartment","In Unit","No Data","No Data","Cats, small dogs","Garage - Attached"
"53","560 26th Ave, San Francisco, CA 94121 "," $3,100  /mo  ","2 beds","1 bath","-- sqft","Apartment","No Data","Forced air","No Data","No","Garage - Attached, On street"
"54","1 Hawthorne Street 23c # 23C, San Francisco, CA 94105 "," $5,850  /mo  ","2 beds","2 baths","-- sqft","Multi Family","No Data","No Data","No Data","No Data","No Data"
"55","2311 24th Ave # 1, San Francisco, CA 94116 "," $3,750  /mo  ","2 beds","2 baths","1,300 sqft","Apartment","In Unit","Forced air","No Data","No","Off street"
"56","2342 Franklin St, San Francisco, CA 94123 "," $7,195  /mo  ","4 beds","2 baths","1,964 sqft","Apartment","In Unit","Forced air","No Data","Cats, large dogs, small dogs","On street"
"57","1117 Ocean Ave, San Francisco, CA 94112 "," $5,695  /mo  ","Studio","-- baths","19,486 sqft","Multi Family","In Unit, Shared","Forced air","Central","Cats, small dogs","Garage - Attached, On street"
"58","3546 21st St, San Francisco, CA 94114 "," $2,300  /mo  ","Studio","1 bath","500 sqft","Apartment","Shared","No Data","No Data","No","No Data"
"59","1588 Stillwell Rd APT F, San Francisco, CA 94129 "," $3,775  /mo  ","3 beds","1 bath","840 sqft","Apartment","In Unit","Forced air","No Data","No","Carport"
"60","1446 18th Ave, San Francisco, CA 94122 "," $4,600  /mo  ","3 beds","1 bath","1,500 sqft","Apartment","Shared","Forced air","No Data","Cats, small dogs","Garage - Attached, Off street"
"61","829 Leavenworth St APT 600, San Francisco, CA 94109 "," $4,195  /mo  ","2 beds","1 bath","-- sqft","Apartment","No Data","No Data","No Data","Cats, small dogs","No Data"
"62","1640 Vallejo St APT 2, San Francisco, CA 94123 "," $2,845  /mo  ","1 bed","1 bath","-- sqft","Apartment","No Data","No Data","No Data","Cats, small dogs","No Data"
"63","1065 Bush St # 211, San Francisco, CA 94109 "," $2,995  /mo  ","1 bed","1 bath","-- sqft","Apartment","Shared","No Data","No Data","Cats, small dogs","No Data"
"64","562 Belvedere St APT 4, San Francisco, CA 94117 "," $3,795  /mo  ","2 beds","1 bath","850 sqft","Multi Family","Shared","No Data","No Data","No","Garage - Attached, Garage - Detached"
"65","1887 Hayes St, San Francisco, CA 94117 "," $2,695  /mo  ","1 bed","1 bath","-- sqft","Multi Family","No Data","No Data","No Data","No","No Data"
"66","4740 Balboa St APT 210, San Francisco, CA 94121 "," $2,495  /mo  ","1 bed","1 bath","-- sqft","Multi Family","No Data","No Data","No Data","No","On street"
"67","2350 Union St APT 7, San Francisco, CA 94123 "," $4,195  /mo  ","2 beds","1 bath","-- sqft","Apartment","Shared","No Data","No Data","Cats, small dogs","No Data"
"68","257 S Van Ness Ave, San Francisco, CA 94103 "," $6,950  /mo  ","Studio","1 bath","4,734 sqft","Multi Family","No Data","Forced air","No Data","No Data","No Data"
"69","43 Lobos St, San Francisco, CA 94112 "," $2,700  /mo  ","2 beds","1 bath","900 sqft","Apartment","No Data","No Data","Central","No","On street"
"70","497 Monterey Blvd, San Francisco, CA 94127 "," $3,200  /mo  ","2 beds","1 bath","2,532 sqft","Apartment","In Unit","Forced air","No Data","No","On street"
"71","3789 Fillmore St, San Francisco, CA 94123 "," $3,500  /mo  ","1 bed","1 bath","1,100 sqft","Apartment","Shared","Forced air","No Data","No","On street"
"72","33rd AveIncomplete address or missing price?Sometimes listing partners send Zillow listings that do not include a full address or price.To get more details on this property, please contact the listing agent, brokerage, or listing provider. San Francisco, CA 94116 "," $3,200  /mo  ","2 beds","2 baths","1,200 sqft","Apartment","Shared","No Data","No Data","No","Garage - Attached"
"73","2358 Bryant Street # FL 3RD, San Francisco, CA 94110 "," $3,650  /mo  ","1 bed","1 bath","900 sqft","Apartment","Shared","Forced air","No Data","Cats, small dogs","On street"
"74","240 Chattanooga St, San Francisco, CA 94114 "," $3,295  /mo  ","1 bed","1 bath","650 sqft","Apartment","Shared","No Data","No Data","No","On street"
"75","330 Mission Bay Blvd N, San Francisco, CA 94158 "," $4,800  /mo  ","2 beds","2 baths","1,100 sqft","Multi Family","In Unit","No Data","No Data","No Data","Garage - Detached"
"76","476 25th Ave, San Francisco, CA 94121 "," $3,450  /mo  ","2 beds","1 bath","1,000 sqft","Apartment","In Unit","No Data","No Data","No","On street"
"77","2001 Pierce St APT 64, San Francisco, CA 94115 "," $3,100  /mo  ","Studio","1 bath","-- sqft","Apartment","No Data","No Data","No Data","Cats, small dogs","No Data"
"78","135 8th St APT 5, San Francisco, CA 94103 "," $2,995  /mo  ","2 beds","1 bath","-- sqft","Multi Family","No Data","No Data","No Data","No Data","No Data"
"79","2539 Polk St APT 5, San Francisco, CA 94109 "," $2,575  /mo  ","1 bed","1 bath","-- sqft","Apartment","Shared","No Data","No Data","No","On street"
"80","1053 Bush St APT B, San Francisco, CA 94109 "," $1,895  /mo  ","Studio","1 bath","-- sqft","Multi Family","Shared","No Data","No Data","Cats","On street"
"81","2775 Market St, San Francisco, CA 94114 "," $3,995  /mo  ","2 beds","1 bath","-- sqft","Multi Family","No Data","No Data","No Data","No Data","No Data"
"82","BroadwayIncomplete address or missing price?Sometimes listing partners send Zillow listings that do not include a full address or price.To get more details on this property, please contact the listing agent, brokerage, or listing provider. San Francisco, CA 94109 "," $4,200  /mo  ","1 bed","1 bath","-- sqft","Multi Family","Shared","Radiant","None","No","Garage - Attached"
"83","85 Carl St APT 14, San Francisco, CA 94117 "," $2,795  /mo  ","2 beds","1 bath","700 sqft","Multi Family","No Data","No Data","No Data","Cats","On street"
"84","1499 Union St APT 05, San Francisco, CA 94109 "," $2,975  /mo  ","1 bed","1 bath","-- sqft","Multi Family","No Data","No Data","No Data","Small dogs","No Data"
"85","1690 Golden Gate Ave APT 03, San Francisco, CA 94115 "," $2,975  /mo  ","1 bed","1 bath","-- sqft","Multi Family","No Data","No Data","No Data","Small dogs","No Data"
"86","3711 Fillmore St APT 304, San Francisco, CA 94123 "," $3,800  /mo  ","2 beds","1 bath","-- sqft","Multi Family","No Data","No Data","No Data","Cats","15 spaces"
"87","765 Ofarrell St APT 7, San Francisco, CA 94109 "," $1,850  /mo  ","Studio","-- baths","475 sqft","Apartment","No Data","No Data","Wall","No Data","On street"
"88","1401 41st Ave, San Francisco, CA 94122 "," $3,300  /mo  ","3 beds","1 bath","2,279 sqft","Apartment","Shared","No Data","No Data","No","On street"
"89","435 China Basin St UNIT 428, San Francisco, CA 94158 "," $4,800  /mo  ","2 beds","2 baths","1,185 sqft","Multi Family","No Data","No Data","No Data","No Data","No Data"
"90","237 Miramar Ave, San Francisco, CA 94112 "," $2,850  /mo  ","2 beds","1 bath","-- sqft","Apartment","No Data","Forced air","No Data","No","Off street"
"91","2626 Great Hwy, San Francisco, CA 94116 "," $3,999  /mo  ","2 beds","1 bath","1,250 sqft","Apartment","Shared","Forced air","No Data","Cats, small dogs","Garage - Attached"
"92","2650 Franklin St, San Francisco, CA 94123 "," $2,195  /mo  ","Studio","1 bath","-- sqft","Apartment","No Data","Forced air","No Data","No","Garage - Attached"
"93","240 Clinton Park # A, San Francisco, CA 94103 "," $2,600  /mo  ","1 bed","1 bath","-- sqft","Apartment","Shared","No Data","No Data","No","No Data"
"94","3550 23rd St APT 6, San Francisco, CA 94110 "," $4,195  /mo  ","2 beds","1 bath","-- sqft","Apartment","No Data","No Data","No Data","Cats, small dogs","Garage - Attached, On street"
"95","1441 Clay St, San Francisco, CA 94109 "," $3,550  /mo  ","2 beds","1 bath","-- sqft","Multi Family","No Data","No Data","No Data","No","No Data"
"96","356 12th Ave APT 6, San Francisco, CA 94118 "," $2,900  /mo  ","2 beds","1 bath","-- sqft","Multi Family","Shared","No Data","No Data","No","Garage - Detached"
"97","1619 Fulton St, San Francisco, CA 94117 "," $5,800  /mo  ","3 beds","1.5 baths","1,640 sqft","Multi Family","In Unit","No Data","No Data","No Data","No Data"
"98","1608 Cayuga Ave, San Francisco, CA 94112 "," $3,195  /mo  ","2 beds","1 bath","1,198 sqft","Apartment","No Data","No Data","No Data","No","Off street"
"99","29th AveIncomplete address or missing price?Sometimes listing partners send Zillow listings that do not include a full address or price.To get more details on this property, please contact the listing agent, brokerage, or listing provider. San Francisco, CA 94122 "," $1,950  /mo  ","1 bed","1 bath","600 sqft","Multi Family","Shared","No Data","No Data","Cats, small dogs","Off street"
"100","94 Sussex St, San Francisco, CA 94131 "," $3,900  /mo  ","1 bed","1 bath","1,200 sqft","Apartment","In Unit","Forced air","No Data","Cats, small dogs","1 space"
"101","123 Guerrero St APT 3, San Francisco, CA 94103 "," $2,995  /mo  ","1 bed","1 bath","-- sqft","Multi Family","No Data","No Data","No Data","No Data","No Data"
"102","183 Castro St, San Francisco, CA 94114 "," $2,995  /mo  ","1 bed","1 bath","-- sqft","Apartment","No Data","No Data","No Data","Cats","No Data"
"103","1161 Stanyan St APT 1B, San Francisco, CA 94117 "," $2,240  /mo  ","1 bed","1 bath","700 sqft","Apartment","Shared","Forced air","No Data","No","On street"
"104","3rd AveIncomplete address or missing price?Sometimes listing partners send Zillow listings that do not include a full address or price.To get more details on this property, please contact the listing agent, brokerage, or listing provider. San Francisco, CA 94118 "," $2,750  /mo  ","1 bed","1 bath","-- sqft","Multi Family","Shared","Wall","None","No","On street"
"105","2750 Mcallister St APT 302, San Francisco, CA 94118 "," $2,200  /mo  ","Studio","1 bath","400 sqft","Apartment","No Data","Forced air","No Data","No","Garage - Detached, Off street"
"106","549 Lombard St, San Francisco, CA 94133 "," $4,950  /mo  ","2 beds","1 bath","1,180 sqft","Apartment","No Data","No Data","No Data","No","On street"
"107","875 Le Conte Avenue # First Floor, San Francisco, CA 94124 "," $2,850  /mo  ","2 beds","2 baths","-- sqft","Apartment","No Data","No Data","No Data","No","On street"
"108","1493 Francisco St, San Francisco, CA 94123 "," $4,000  /mo  ","2 beds","1 bath","-- sqft","Apartment","No Data","No Data","No Data","No","Garage - Attached"
"109","1443 17th Ave, San Francisco, CA 94122 "," $3,888  /mo  ","2 beds","2 baths","1,400 sqft","Apartment","In Unit","Forced air","No Data","No","Off street, On street"
"110","1446 Washington St, San Francisco, CA 94109 "," $3,150  /mo  ","1 bed","1 bath","-- sqft","Apartment","Shared","No Data","No Data","No","No Data"
"111","Masonic AveIncomplete address or missing price?Sometimes listing partners send Zillow listings that do not include a full address or price.To get more details on this property, please contact the listing agent, brokerage, or listing provider. San Francisco, CA 94117 "," $4,675  /mo  ","2 beds","2 baths","1,250 sqft","Multi Family","Shared","No Data","No Data","Cats","Garage - Attached"
"112","509 Sanchez St, San Francisco, CA 94114 "," $4,250  /mo  ","2 beds","1 bath","-- sqft","Apartment","In Unit","Forced air","No Data","No","No Data"
"113","1512 Great Hwy # 1, San Francisco, CA 94122 "," $2,350  /mo  ","1 bed","1 bath","600 sqft","Apartment","Shared","Forced air","No Data","No","No Data"
"114","527 3rd St APT 301, San Francisco, CA 94107 "," $2,250  /mo  ","1 bed","1 bath","350 sqft","Apartment","Shared","No Data","No Data","Cats","On street"
"115","709 Clayton St, San Francisco, CA 94117 "," $3,450  /mo  ","1 bed","1 bath","800 sqft","Apartment","No Data","No Data","No Data","Cats, small dogs","No Data"
"116","1573 48th Ave APT 6, San Francisco, CA 94122 "," $2,750  /mo  ","2 beds","1 bath","840 sqft","Apartment","Shared","No Data","No Data","No","Garage - Attached"
"117","149 Dore St, San Francisco, CA 94103 "," $3,995  /mo  ","2 beds","2 baths","-- sqft","Apartment","No Data","No Data","No Data","Cats","No Data"
"118","Clement StIncomplete address or missing price?Sometimes listing partners send Zillow listings that do not include a full address or price.To get more details on this property, please contact the listing agent, brokerage, or listing provider. San Francisco, CA 94118 "," $2,495  /mo  ","1 bed","1 bath","-- sqft","Multi Family","Shared","Radiant","None","No","On street"
"119","Bay StIncomplete address or missing price?Sometimes listing partners send Zillow listings that do not include a full address or price.To get more details on this property, please contact the listing agent, brokerage, or listing provider. San Francisco, CA 94133 "," $2,895  /mo  ","1 bed","1 bath","850 sqft","Multi Family","Shared","Forced air","Central","No","Garage - Attached"
"120","Mission StIncomplete address or missing price?Sometimes listing partners send Zillow listings that do not include a full address or price.To get more details on this property, please contact the listing agent, brokerage, or listing provider. San Francisco, CA 94103 "," $3,095  /mo  ","1 bed","1 bath","765 sqft","Multi Family","In Unit","Forced air","None","No","Garage - Attached"
"121","2801 Greenwich St, San Francisco, CA 94123 "," $7,995  /mo  ","5 beds","2 baths","1,650 sqft","Apartment","In Unit","No Data","No Data","No","No Data"
"122","731 Waller St # B, San Francisco, CA 94117 "," $3,195  /mo  ","1 bed","1 bath","-- sqft","Apartment","Shared","Forced air","No Data","No","No Data"
"123","2900 Turk Blvd, San Francisco, CA 94118 "," $4,900  /mo  ","2 beds","2 baths","1,600 sqft","Multi Family","No Data","No Data","No Data","No Data","No Data"
"124","338 Potrero Ave #402, San Francisco, CA 94103 "," $3,950  /mo  ","1 bed","1 bath","673 sqft","Multi Family","In Unit","Forced air","Other","No Data","No Data"
"125","Clement StIncomplete address or missing price?Sometimes listing partners send Zillow listings that do not include a full address or price.To get more details on this property, please contact the listing agent, brokerage, or listing provider. San Francisco, CA 94118 "," $4,500  /mo  ","4 beds","2 baths","-- sqft","Apartment","No Data","No Data","No Data","No","No Data"
"126","403 Main St APT 504N, San Francisco, CA 94105 "," $3,150  /mo  ","1 bed","1 bath","483 sqft","Multi Family","In Unit","Forced air","Central","Cats, small dogs","No Data"
"127","500A 19th Ave, San Francisco, CA 94121 "," $3,000  /mo  ","2 beds","1 bath","-- sqft","Apartment","No Data","No Data","No Data","No","Garage - Attached"
"128","Lombard StIncomplete address or missing price?Sometimes listing partners send Zillow listings that do not include a full address or price.To get more details on this property, please contact the listing agent, brokerage, or listing provider. San Francisco, CA 94123 "," $2,250  /mo  ","Studio","1 bath","-- sqft","Multi Family","Shared","Forced air","No Data","No","Carport"
"129","4156 25th St, San Francisco, CA 94114 "," $5,350  /mo  ","3 beds","1 bath","3,540 sqft","Apartment","In Unit","Forced air","No Data","No","On street"
"130","366 22nd Ave # A1, San Francisco, CA 94121 "," $2,395  /mo  ","1 bed","1 bath","-- sqft","Apartment","Shared","Forced air","No Data","No","Carport, Off street"
"131","1435 Fulton St APT A, San Francisco, CA 94117 "," $2,895  /mo  ","1 bed","1 bath","-- sqft","Multi Family","No Data","No Data","No Data","No","No Data"
"132","1114 Broadway # 2, San Francisco, CA 94109 "," $2,700  /mo  ","1 bed","1 bath","-- sqft","Apartment","No Data","No Data","No Data","No","No Data"
"133","423 Waller Street 9 423 Waller St # 9, San Francisco, CA 94117 "," $3,500  /mo  ","2 beds","1 bath","-- sqft","Multi Family","No Data","No Data","No Data","No Data","No Data"
"134","614 4th Ave # A, San Francisco, CA 94118 "," $2,600  /mo  ","1 bed","1 bath","500 sqft","Apartment","No Data","No Data","No Data","No","Off street, On street"
"135","1096 Pine St APT 106, San Francisco, CA 94109 "," $1,895  /mo  ","Studio","1 bath","380 sqft","Apartment","Shared","No Data","No Data","No","No Data"
"136","400 Monterey Blvd APT 1, San Francisco, CA 94127 "," $3,350  /mo  ","2 beds","-- baths","-- sqft","Multi Family","No Data","No Data","No Data","No","Carport"
"137","1865 Bush St APT 104, San Francisco, CA 94109 "," $3,600  /mo  ","2 beds","1.5 baths","-- sqft","Multi Family","No Data","No Data","No Data","No","No Data"
"138","1681 Union St, San Francisco, CA 94123 "," $4,500  /mo  ","2 beds","1 bath","1,235 sqft","Apartment","Shared","Forced air","No Data","No","Garage - Attached"
"139","1049A Page St, San Francisco, CA 94117 "," $3,500  /mo  ","2 beds","1 bath","-- sqft","Apartment","No Data","No Data","No Data","No","No Data"
"140","283 4th Ave APT 4, San Francisco, CA 94118 "," $2,550  /mo  ","1 bed","1 bath","-- sqft","Multi Family","No Data","No Data","No Data","No","No Data"
"141","5900 3rd St UNIT 2308, San Francisco, CA 94124 "," $3,490  /mo  ","2 beds","2 baths","1,016 sqft","Multi Family","In Unit","No Data","No Data","Cats, small dogs","Garage - Detached"
"142","Mission StIncomplete address or missing price?Sometimes listing partners send Zillow listings that do not include a full address or price.To get more details on this property, please contact the listing agent, brokerage, or listing provider. San Francisco, CA 94103 "," $3,175  /mo  ","1 bed","1 bath","-- sqft","Multi Family","In Unit","Forced air","Central","No","On street"
"143","Rausch StIncomplete address or missing price?Sometimes listing partners send Zillow listings that do not include a full address or price.To get more details on this property, please contact the listing agent, brokerage, or listing provider. San Francisco, CA 94103 "," $2,550  /mo  ","1 bed","1 bath","-- sqft","Multi Family","In Unit","Wall","None","No","On street"
"144","Broadway StIncomplete address or missing price?Sometimes listing partners send Zillow listings that do not include a full address or price.To get more details on this property, please contact the listing agent, brokerage, or listing provider. San Francisco, CA 94115 "," $4,500  /mo  ","1 bed","1 bath","-- sqft","Multi Family","Shared","Forced air","None","No","Garage - Attached"
"145","3340 Taraval St, San Francisco, CA 94116 "," $3,795  /mo  ","3 beds","2 baths","-- sqft","Multi Family","No Data","No Data","No Data","No","On street"
"146","2369 Union St APT 4, San Francisco, CA 94123 "," $3,495  /mo  ","1 bed","1 bath","700 sqft","Multi Family","No Data","No Data","No Data","No","On street"
"147","California StIncomplete address or missing price?Sometimes listing partners send Zillow listings that do not include a full address or price.To get more details on this property, please contact the listing agent, brokerage, or listing provider. San Francisco, CA 94109 "," $2,795  /mo  ","1 bed","1 bath","-- sqft","Multi Family","Shared","Baseboard","Central","Cats, small dogs","Garage - Attached"
"148","6 Mint Plz APT 303A, San Francisco, CA 94103 "," $5,000  /mo  ","2 beds","1 bath","712 sqft","Apartment","No Data","No Data","No Data","No Data","No Data"
"149","2433 Polk St APT 4, San Francisco, CA 94109 "," $3,900  /mo  ","1 bed","1 bath","-- sqft","Multi Family","No Data","No Data","No Data","Cats, large dogs, small dogs","No Data"
"150","350 Fremont St, San Francisco, CA 94105 "," $3,925  /mo  ","1 bed","1 bath","-- sqft","Apartment","In Unit","Forced air","Other","Cats, small dogs","Carport, Garage - Attached, On street"
"151","2060 Sutter St APT 205, San Francisco, CA 94115 "," $4,500  /mo  ","2 beds","2 baths","1,215 sqft","Apartment","No Data","Baseboard","No Data","No Data","Carport"
"152","265 N Point St, San Francisco, CA 94133 "," $2,390  /mo  ","Studio","1 bath","-- sqft","Apartment","No Data","Forced air","No Data","Cats","Carport, Garage - Attached, Off street, On street"
"153","995 Clayton St, San Francisco, CA 94117 "," $3,850  /mo  ","2 beds","1 bath","1,200 sqft","Apartment","Shared","No Data","Central","No","Garage - Attached"
"154","458 Sanchez St # B, San Francisco, CA 94114 "," $3,670  /mo  ","1 bed","1 bath","625 sqft","Apartment","Shared","Forced air","No Data","Cats, small dogs","Garage - Attached"
"155","2240 Bryant St APT 31, San Francisco, CA 94110 "," $2,595  /mo  ","1 bed","1 bath","-- sqft","Multi Family","No Data","No Data","No Data","No Data","No Data"
"156","1190 Haight Street 10 Lyon # 208, San Francisco, CA 94117 "," $2,995  /mo  ","Studio","1 bath","-- sqft","Multi Family","No Data","No Data","No Data","No Data","No Data"
"157","227 Sanchez Street # FL 3RD, San Francisco, CA 94114 "," $2,350  /mo  ","Studio","1 bath","-- sqft","Apartment","No Data","Forced air","No Data","No","No Data"
"158","1114 Sutter St APT 503, San Francisco, CA 94109 "," $1,695  /mo  ","Studio","1 bath","350 sqft","Apartment","Shared","Forced air","No Data","Cats","No Data"
"159","1580 Beach St APT 104, San Francisco, CA 94123 "," $3,995  /mo  ","1 bed","1 bath","1,000 sqft","Apartment","No Data","No Data","No Data","Cats","Garage - Attached"
"160","Quesada AveIncomplete address or missing price?Sometimes listing partners send Zillow listings that do not include a full address or price.To get more details on this property, please contact the listing agent, brokerage, or listing provider. San Francisco, CA 94124 "," $1,900  /mo  ","1 bed","1 bath","650 sqft","Apartment","Shared","No Data","No Data","No","On street"
"161","2010 Pacific Ave APT 12, San Francisco, CA 94109 "," $8,000  /mo  ","3 beds","3 baths","-- sqft","Apartment","In Unit","Forced air","No Data","Cats, small dogs","Garage - Attached"
"162","Buchanan StIncomplete address or missing price?Sometimes listing partners send Zillow listings that do not include a full address or price.To get more details on this property, please contact the listing agent, brokerage, or listing provider. San Francisco, CA 94102 "," $4,750  /mo  ","2 beds","2 baths","-- sqft","Multi Family","In Unit","Forced air","No Data","Cats, small dogs","Garage - Attached"
"163","90 Alhambra St APT 201, San Francisco, CA 94123 "," $2,330  /mo  ","Studio","1 bath","480 sqft","Apartment","Shared","No Data","No Data","No","Garage - Attached"
"164","1530 Dolores St APT 2, San Francisco, CA 94110 "," $4,950  /mo  ","3 beds","1 bath","-- sqft","Apartment","In Unit","Forced air","No Data","No","No Data"
"165","3350 21st St # A, San Francisco, CA 94110 "," $3,695  /mo  ","1 bed","1 bath","5,210 sqft","Apartment","In Unit","Forced air","No Data","Cats, small dogs","No Data"
"166","839 Jones St APT 11, San Francisco, CA 94109 "," $2,245  /mo  ","Studio","1 bath","-- sqft","Multi Family","No Data","No Data","No Data","No","No Data"
"167","1233 California St APT 306, San Francisco, CA 94109 "," $2,400  /mo  ","Studio","1 bath","-- sqft","Apartment","Shared","No Data","No Data","No","No Data"
"168","437 Spruce St, San Francisco, CA 94118 "," $4,195  /mo  ","2 beds","1.5 baths","1,000 sqft","Apartment","Shared","Forced air","No Data","Large dogs, small dogs","On street"
"169","1278 Jackson St, San Francisco, CA 94109 "," $3,950  /mo  ","1 bed","1 bath","800 sqft","Apartment","No Data","No Data","No Data","No","Off street"
"170","1403 Jackson St, San Francisco, CA 94109 "," $2,850  /mo  ","1 bed","1 bath","490 sqft","Apartment","No Data","No Data","No Data","No","Garage - Attached"
"171","95 Orange Aly # 101, San Francisco, CA 94110 "," $4,600  /mo  ","2 beds","1 bath","-- sqft","Multi Family","In Unit","No Data","No Data","Cats, large dogs, small dogs","No Data"
"172","110 Gardenside Drive # Top Floor, San Francisco, CA 94131 "," $2,995  /mo  ","1 bed","1 bath","-- sqft","Apartment","Shared","No Data","No Data","Cats","Garage - Detached"
"173","1375 Green St APT 10, San Francisco, CA 94109 "," $2,900  /mo  ","Studio","1 bath","500 sqft","Multi Family","No Data","Forced air","No Data","No Data","On street"
"174","1124 Greenwich St, San Francisco, CA 94109 "," $3,750  /mo  ","1 bed","1 bath","1,800 sqft","Multi Family","No Data","No Data","No Data","No Data","Garage - Attached"
"175","2370 Chestnut St, San Francisco, CA 94123 "," $2,450  /mo  ","Studio","1 bath","-- sqft","Multi Family","No Data","No Data","No Data","No Data","No Data"
"176","388 Potrero Ave # 306, San Francisco, CA 94103 "," $3,850  /mo  ","1 bed","1 bath","-- sqft","Multi Family","No Data","No Data","No Data","No Data","No Data"
"177","1870 Washington St, San Francisco, CA 94109 "," $2,250  /mo  ","Studio","1 bath","300 sqft","Multi Family","No Data","No Data","No Data","No Data","No Data"
"178","690 Pennsylvania Ave APT 119, San Francisco, CA 94107 "," $3,900  /mo  ","1 bed","1.5 baths","1,152 sqft","Multi Family","No Data","No Data","No Data","No Data","No Data"
"179","3158 Mission St APT 1, San Francisco, CA 94110 "," $4,500  /mo  ","4 beds","1.5 baths","800 sqft","Apartment","No Data","No Data","No Data","No Data","No Data"
"180","Octavia StIncomplete address or missing price?Sometimes listing partners send Zillow listings that do not include a full address or price.To get more details on this property, please contact the listing agent, brokerage, or listing provider. San Francisco, CA 94123 "," $4,200  /mo  ","2 beds","2 baths","-- sqft","Apartment","Shared","No Data","No Data","No","Off street"
"181","1735 Dolores St # A, San Francisco, CA 94110 "," $3,000  /mo  ","1 bed","1 bath","300 sqft","Apartment","Shared","No Data","No Data","No","No Data"
"182","2189 Market St APT 5, San Francisco, CA 94114 "," $4,500  /mo  ","2 beds","2 baths","990 sqft","Multi Family","No Data","No Data","No Data","Cats, small dogs","No Data"
"183","19th AveIncomplete address or missing price?Sometimes listing partners send Zillow listings that do not include a full address or price.To get more details on this property, please contact the listing agent, brokerage, or listing provider. San Francisco, CA 94121 "," $3,695  /mo  ","2 beds","1 bath","-- sqft","Multi Family","Shared","Radiant","None","Cats, small dogs","Garage - Attached"
"184","Vallejo StIncomplete address or missing price?Sometimes listing partners send Zillow listings that do not include a full address or price.To get more details on this property, please contact the listing agent, brokerage, or listing provider. San Francisco, CA 94123 "," $3,900  /mo  ","2 beds","1 bath","-- sqft","Multi Family","Shared","Wall","None","No","Garage - Attached"
"185","120 Parker Ave APT 301, San Francisco, CA 94118 "," $4,000  /mo  ","2 beds","2 baths","1,000 sqft","Multi Family","Shared","Forced air","Central","Cats","No Data"
"186","4220 Cesar Chavez St APT 105, San Francisco, CA 94131 "," $3,795  /mo  ","2 beds","2 baths","-- sqft","Multi Family","No Data","No Data","No Data","No","No Data"
"187","2261 Filbert 2261 Filbert, San Francisco, CA 94123 "," $6,950  /mo  ","4 beds","2 baths","-- sqft","Multi Family","No Data","No Data","No Data","No Data","No Data"
"188","2025 Balboa St # 1, San Francisco, CA 94121 "," $2,850  /mo  ","2 beds","1 bath","868 sqft","Apartment","No Data","Forced air","No Data","No","On street"
"189","729 18th Ave, San Francisco, CA 94121 "," $4,500  /mo  ","2 beds","1 bath","1,600 sqft","Multi Family","In Unit","Forced air","No Data","No","No Data"
"190","431 Capistrano Ave, San Francisco, CA 94112 "," $2,300  /mo  ","2 beds","1 bath","-- sqft","Apartment","Shared","Forced air","No Data","Cats","On street"
"191","499 Marina Blvd APT 104, San Francisco, CA 94123 "," $4,000  /mo  ","1 bed","1 bath","1,200 sqft","Multi Family","No Data","No Data","No Data","Cats","18 spaces"
"192","3250 Market St APT 5, San Francisco, CA 94114 "," $4,750  /mo  ","2 beds","2 baths","1,100 sqft","Apartment","No Data","Forced air","No Data","Cats","Off street"
"193","1740 Beach St APT 16, San Francisco, CA 94123 "," $2,600  /mo  ","1 bed","1 bath","-- sqft","Multi Family","No Data","No Data","No Data","Cats","9 spaces"
"194","3518 16th St APT 2, San Francisco, CA 94114 "," $1,995  /mo  ","Studio","1 bath","525 sqft","Apartment","No Data","No Data","No Data","Cats","No Data"
"195","328 Pennsylvania Ave APT 3, San Francisco, CA 94107 "," $3,300  /mo  ","2 beds","1 bath","-- sqft","Multi Family","No Data","No Data","No Data","No","Carport, Off street"
"196","615 Minna St APT B, San Francisco, CA 94103 "," $3,500  /mo  ","2 beds","1 bath","650 sqft","Multi Family","No Data","No Data","No Data","Cats, large dogs, small dogs","No Data"
"197","825 Geary St, San Francisco, CA 94109 "," $2,795  /mo  ","1 bed","1 bath","1,000 sqft","Apartment","Shared","Forced air","No Data","Cats, small dogs","No Data"
"198","2323 Larkin St APT 2, San Francisco, CA 94109 "," $3,400  /mo  ","2 beds","1 bath","-- sqft","Apartment","Shared","No Data","No Data","No","On street"
"199","2652 Greenwich St # 1, San Francisco, CA 94123 "," $3,000  /mo  ","Studio","1 bath","-- sqft","Apartment","No Data","Forced air","No Data","No","On street"
"200","1123 Green St, San Francisco, CA 94109 "," $17,900  /mo  ","8 beds","4 baths","3,451 sqft","Apartment","In Unit","Forced air","Central","No Data","On street"
"201","1429 Leavenworth St APT 304, San Francisco, CA 94109 "," $2,195  /mo  ","Studio","1 bath","-- sqft","Apartment","No Data","No Data","No Data","No","No Data"
"202","1225 Bay St, San Francisco, CA 94123 "," $3,995  /mo  ","2 beds","1 bath","-- sqft","Apartment","Shared","No Data","No Data","No","Garage - Attached"
"203","351 Grove St APT 4, San Francisco, CA 94102 "," $2,695  /mo  ","1 bed","1 bath","-- sqft","Multi Family","No Data","No Data","No Data","Cats","No Data"
"204","1078 Potrero Ave, San Francisco, CA 94110 "," $4,395  /mo  ","3 beds","2 baths","-- sqft","Apartment","No Data","No Data","No Data","Cats","No Data"
"205","525 7th Ave, San Francisco, CA 94118 "," $5,800  /mo  ","4 beds","2 baths","2,125 sqft","Apartment","No Data","Forced air","No Data","No","No Data"
"206","1100-1104 Fell Street 1100 Fell Street 501-505 S, San Francisco, CA 94117 "," $5,795  /mo  ","3 beds","2 baths","-- sqft","Apartment","No Data","No Data","No Data","No","No Data"
"207","810 Eddy St, San Francisco, CA 94109 "," $2,150  /mo  ","Studio","1 bath","-- sqft","Apartment","Shared","No Data","No Data","Cats","No Data"
"208","Brannan StIncomplete address or missing price?Sometimes listing partners send Zillow listings that do not include a full address or price.To get more details on this property, please contact the listing agent, brokerage, or listing provider. San Francisco, CA 94107 "," $6,000  /mo  ","2 beds","2 baths","1,200 sqft","Multi Family","No Data","Forced air","Central","Cats, small dogs","Garage - Attached"
"209","435 Euclid Ave, San Francisco, CA 94118 "," $2,950  /mo  ","1 bed","1 bath","-- sqft","Apartment","No Data","Forced air","No Data","Cats","Carport, Garage - Attached, On street"
"210","5 Alma St APT 3, San Francisco, CA 94117 "," $3,750  /mo  ","1 bed","1 bath","962 sqft","Multi Family","No Data","No Data","No Data","No","No Data"
"211","1328 Larkin St # TOP, San Francisco, CA 94109 "," $12,000  /mo  ","8 beds","3 baths","1,635 sqft","Apartment","In Unit","Forced air","Central","No Data","On street"
"212","463 Central Ave, San Francisco, CA 94117 "," $4,500  /mo  ","3 beds","1 bath","-- sqft","Apartment","No Data","Forced air","No Data","No","On street"
"213","1678 Dolores St, San Francisco, CA 94110 "," $4,300  /mo  ","2 beds","1 bath","3,100 sqft","Apartment","In Unit","Forced air","No Data","No","Garage - Attached"
"214","1522 46th Ave # STUDIO, San Francisco, CA 94122 "," $2,000  /mo  ","Studio","1 bath","350 sqft","Multi Family","Shared","No Data","No Data","No Data","No Data"
"215","195 Collingwood St, San Francisco, CA 94114 "," $3,250  /mo  ","1 bed","1 bath","-- sqft","Apartment","No Data","Forced air","No Data","No","No Data"
"216","3825 Scott St APT 203, San Francisco, CA 94123 "," $3,695  /mo  ","1 bed","1 bath","865 sqft","Multi Family","No Data","No Data","No Data","Cats, small dogs","No Data"
"217","8 Steiner St, San Francisco, CA 94117 "," $4,100  /mo  ","1 bed","1 bath","640 sqft","Apartment","In Unit","Forced air","No Data","No","Garage - Attached"
"218","2 Crestline Dr APT 4, San Francisco, CA 94131 "," $2,495  /mo  ","1 bed","1 bath","-- sqft","Apartment","No Data","No Data","Central","No","Carport, Off street"
"219","249 Shipley St APT 9, San Francisco, CA 94107 "," $3,800  /mo  ","1 bed","1.5 baths","892 sqft","Multi Family","In Unit","No Data","No Data","No Data","Garage - Attached"
"220","1 Bluxome St, San Francisco, CA 94107 "," $4,800  /mo  ","2 beds","1.5 baths","1,361 sqft","Multi Family","In Unit","Forced air","Other","No Data","Garage - Detached"
"221","Pacific AveIncomplete address or missing price?Sometimes listing partners send Zillow listings that do not include a full address or price.To get more details on this property, please contact the listing agent, brokerage, or listing provider. San Francisco, CA 94109 "," $4,250  /mo  ","2 beds","2 baths","-- sqft","Multi Family","Shared","Forced air","None","No","Garage - Attached"
"222","(Undisclosed Address)Incomplete address or missing price?Sometimes listing partners send Zillow listings that do not include a full address or price.To get more details on this property, please contact the listing agent, brokerage, or listing provider. San Francisco, CA 94123 "," $3,095  /mo  ","1 bed","1 bath","600 sqft","Multi Family","Shared","No Data","None","No","Garage - Attached"
"223","615 15th Ave # B, San Francisco, CA 94118 "," $2,000  /mo  ","Studio","1 bath","-- sqft","Apartment","No Data","No Data","No Data","No Data","No Data"
"224","1000 Union St APT 106, San Francisco, CA 94133 "," $3,200  /mo  ","1 bed","1 bath","-- sqft","Apartment","Shared","No Data","No Data","Cats","No Data"
"225","1160 Mission St UNIT 1212, San Francisco, CA 94103 "," $3,400  /mo  ","1 bed","1 bath","660 sqft","Multi Family","No Data","No Data","No Data","No Data","1 space"
"226","1434 Washington St, San Francisco, CA 94109 "," $4,850  /mo  ","2 beds","1 bath","1,396 sqft","Multi Family","In Unit","Forced air","No Data","No Data","Garage - Attached"
"227","2401 23rd Ave APT 4, San Francisco, CA 94116 "," $2,095  /mo  ","1 bed","1 bath","-- sqft","Multi Family","Shared","No Data","No Data","No","No Data"
"228","235 Berry St APT 518, San Francisco, CA 94158 "," $5,995  /mo  ","2 beds","2 baths","-- sqft","Multi Family","No Data","No Data","No Data","No","No Data"
"229","2661 California St APT 4, San Francisco, CA 94115 "," $3,500  /mo  ","2 beds","1 bath","1,000 sqft","Apartment","No Data","No Data","No Data","No","No Data"
"230","52 Edith St, San Francisco, CA 94133 "," $3,595  /mo  ","2 beds","1 bath","600 sqft","Apartment","No Data","No Data","No Data","No Data","No Data"
"231","615 Greenwich St, San Francisco, CA 94133 "," $3,900  /mo  ","1 bed","1 bath","-- sqft","Apartment","In Unit","No Data","No Data","Cats, small dogs","No Data"
"232","291 Santos St APT 08, San Francisco, CA 94134 "," $2,500  /mo  ","1 bed","1 bath","-- sqft","Multi Family","No Data","No Data","No Data","No Data","No Data"
"233","2703 Laguna St # 1, San Francisco, CA 94123 "," $2,450  /mo  ","Studio","1 bath","-- sqft","Apartment","No Data","No Data","No Data","Cats","On street"
"234","101 Crescent Way APT 2315, San Francisco, CA 94134 "," $3,599  /mo  ","2 beds","2 baths","1,337 sqft","Multi Family","No Data","No Data","No Data","No Data","No Data"
"235","52 Rausch St APT 103, San Francisco, CA 94103 "," $3,346  /mo  ","1 bed","1.5 baths","756 sqft","Multi Family","No Data","No Data","No Data","No Data","No Data"
"236","1351 Divisadero St APT 1, San Francisco, CA 94115 "," $3,300  /mo  ","2 beds","1 bath","900 sqft","Apartment","Shared","No Data","No Data","Cats, small dogs","No Data"
"237","1000 Powell St APT 43, San Francisco, CA 94108 "," $2,795  /mo  ","1 bed","1 bath","-- sqft","Apartment","No Data","No Data","No Data","No","No Data"
"238","1635 Gough St APT 501, San Francisco, CA 94109 "," $2,895  /mo  ","1 bed","1 bath","775 sqft","Multi Family","No Data","No Data","No Data","No Data","Garage - Detached"
"239","Pine StIncomplete address or missing price?Sometimes listing partners send Zillow listings that do not include a full address or price.To get more details on this property, please contact the listing agent, brokerage, or listing provider. San Francisco, CA 94109 "," $2,295  /mo  ","1 bed","1 bath","-- sqft","Multi Family","Shared","Wall","None","No","On street"
"240","401 Duncan St, San Francisco, CA 94131 "," $3,595  /mo  ","2 beds","1 bath","-- sqft","Multi Family","No Data","No Data","No Data","No","No Data"
"241","419 Fulton St APT G, San Francisco, CA 94102 "," $4,295  /mo  ","2 beds","1 bath","940 sqft","Multi Family","No Data","No Data","No Data","Cats, small dogs","No Data"
"242","824 Brazil Ave, San Francisco, CA 94112 "," $4,600  /mo  ","3 beds","2 baths","-- sqft","Multi Family","Shared","No Data","No Data","Cats","No Data"
"243","747 16th Ave, San Francisco, CA 94118 "," $4,200  /mo  ","3 beds","2 baths","4,351 sqft","Apartment","Shared","Forced air","Central","No","Garage - Attached, On street"
"244","1845 Gough St, San Francisco, CA 94109 "," $3,450  /mo  ","2 beds","1 bath","-- sqft","Apartment","Shared","Forced air","No Data","No","No Data"
"245","Sutter StIncomplete address or missing price?Sometimes listing partners send Zillow listings that do not include a full address or price.To get more details on this property, please contact the listing agent, brokerage, or listing provider. San Francisco, CA 94109 "," $2,295  /mo  ","Studio","1 bath","-- sqft","Multi Family","Shared","Baseboard","None","No","On street"
"246","Laguna StIncomplete address or missing price?Sometimes listing partners send Zillow listings that do not include a full address or price.To get more details on this property, please contact the listing agent, brokerage, or listing provider. San Francisco, CA 94123 "," $2,400  /mo  ","Studio","1 bath","-- sqft","Multi Family","Shared","Baseboard","None","No","Garage - Attached"
"247","2025 Stockton St APT 5, San Francisco, CA 94133 "," $2,495  /mo  ","1 bed","1 bath","-- sqft","Multi Family","No Data","No Data","No Data","No Data","No Data"
"248","2 Mint Plz STE 407, San Francisco, CA 94103 "," $3,400  /mo  ","1 bed","1 bath","658 sqft","Multi Family","No Data","Forced air","Central","No Data","Carport, Garage - Attached, Off street, On street"
"249","375 27th Ave APT 2, San Francisco, CA 94121 "," $3,100  /mo  ","2 beds","1 bath","1,000 sqft","Apartment","Shared","No Data","No Data","No","Garage - Attached"
"250","1611 Vallejo St APT 402, San Francisco, CA 94123 "," $4,000  /mo  ","2 beds","1 bath","-- sqft","Multi Family","No Data","No Data","No Data","No","No Data"
"251","1849 Clay St APT 5, San Francisco, CA 94109 "," $4,200  /mo  ","2 beds","1 bath","-- sqft","Multi Family","No Data","No Data","No Data","No Data","No Data"
"252","Noe StIncomplete address or missing price?Sometimes listing partners send Zillow listings that do not include a full address or price.To get more details on this property, please contact the listing agent, brokerage, or listing provider. San Francisco, CA 94131 "," $3,499  /mo  ","2 beds","1 bath","-- sqft","Apartment","Shared","Forced air","No Data","No","Garage - Attached, On street"
"253","1420 Jones St, San Francisco, CA 94109 "," $3,000  /mo  ","1 bed","1 bath","-- sqft","Apartment","No Data","No Data","No Data","No","Off street"
"254","521 Dolores St, San Francisco, CA 94110 "," $7,500  /mo  ","3 beds","2 baths","1,750 sqft","Apartment","In Unit","No Data","No Data","No","Garage - Attached"
"255","200 29th St UNIT 2, San Francisco, CA 94131 "," $4,995  /mo  ","2 beds","2.5 baths","1,294 sqft","Multi Family","In Unit","No Data","No Data","Cats, large dogs, small dogs","2 spaces"
"256","601 Burnett Ave APT 6, San Francisco, CA 94131 "," $3,095  /mo  ","1 bed","1 bath","500 sqft","Multi Family","No Data","No Data","No Data","No","No Data"
"257","1000 Howard St APT 408, San Francisco, CA 94103 "," $1,699  /mo  ","1 bed","1 bath","420 sqft","Multi Family","No Data","No Data","No Data","No Data","No Data"
"258","1446 Jackson St APT 6, San Francisco, CA 94109 "," $3,995  /mo  ","2 beds","1 bath","1,250 sqft","Multi Family","No Data","No Data","No Data","No","No Data"
"259","733 Front St UNIT 507, San Francisco, CA 94111 "," $4,295  /mo  ","1 bed","1 bath","-- sqft","Multi Family","No Data","No Data","No Data","No Data","No Data"
"260","1700 Beach St APT 304, San Francisco, CA 94123 "," $3,000  /mo  ","1 bed","1 bath","-- sqft","Multi Family","No Data","No Data","No Data","Cats","15 spaces"
"261","2919 Pacheco St, San Francisco, CA 94116 "," $3,995  /mo  ","3 beds","2 baths","1,356 sqft","Apartment","Shared","No Data","No Data","Cats","Garage - Attached"
"262","571 Minna St, San Francisco, CA 94103 "," $3,795  /mo  ","2 beds","2 baths","-- sqft","Apartment","Shared","No Data","No Data","Cats, small dogs","No Data"
"263","Greenwich StIncomplete address or missing price?Sometimes listing partners send Zillow listings that do not include a full address or price.To get more details on this property, please contact the listing agent, brokerage, or listing provider. San Francisco, CA 94123 "," $2,850  /mo  ","1 bed","1 bath","-- sqft","Multi Family","Shared","Forced air","No Data","Cats, small dogs","Garage - Attached"
"264","1386 Mcallister St # 5, San Francisco, CA 94115 "," $3,999  /mo  ","2 beds","1 bath","-- sqft","Apartment","No Data","Forced air","No Data","Cats, large dogs, small dogs","On street"
"265","2844 Harrison Street # Top Floor, San Francisco, CA 94110 "," $6,695  /mo  ","5 beds","1.5 baths","-- sqft","Apartment","No Data","No Data","No Data","Cats","No Data"
"266","Ashbury StIncomplete address or missing price?Sometimes listing partners send Zillow listings that do not include a full address or price.To get more details on this property, please contact the listing agent, brokerage, or listing provider. San Francisco, CA 94117 "," $3,595  /mo  ","2 beds","1 bath","-- sqft","Multi Family","Shared","Wall","None","No","On street"
"267","1330 Pine St APT 8, San Francisco, CA 94109 "," $2,100  /mo  ","Studio","1 bath","-- sqft","Apartment","No Data","Forced air","No Data","No","No Data"
"268","1440 Clement St, San Francisco, CA 94118 "," $3,995  /mo  ","3 beds","2 baths","825 sqft","Apartment","No Data","Forced air","No Data","No","On street"
"269","Murray StIncomplete address or missing price?Sometimes listing partners send Zillow listings that do not include a full address or price.To get more details on this property, please contact the listing agent, brokerage, or listing provider. San Francisco, CA 94110 "," $3,800  /mo  ","3 beds","1 bath","-- sqft","Multi Family","Shared","Forced air","No Data","Cats","On street"
"270","Tehama StIncomplete address or missing price?Sometimes listing partners send Zillow listings that do not include a full address or price.To get more details on this property, please contact the listing agent, brokerage, or listing provider. San Francisco, CA 94105 "," $4,000  /mo  ","1 bed","1 bath","-- sqft","Multi Family","No Data","Forced air","None","Cats, small dogs","None"
"271","15th StIncomplete address or missing price?Sometimes listing partners send Zillow listings that do not include a full address or price.To get more details on this property, please contact the listing agent, brokerage, or listing provider. San Francisco, CA 94114 "," $5,850  /mo  ","3 beds","1.5 baths","1,800 sqft","Multi Family","In Unit","Forced air","None","No","Garage - Attached"
"272","1293 6th Ave, San Francisco, CA 94122 "," $2,700  /mo  ","Studio","1 bath","-- sqft","Apartment","No Data","Forced air","No Data","No","On street"
"273","Fillmore StIncomplete address or missing price?Sometimes listing partners send Zillow listings that do not include a full address or price.To get more details on this property, please contact the listing agent, brokerage, or listing provider. San Francisco, CA 94115 "," $4,500  /mo  ","2 beds","1 bath","-- sqft","Apartment","Shared","No Data","No Data","No","Garage - Attached"
"274","135 Corwin St, San Francisco, CA 94114 "," $2,795  /mo  ","1 bed","1 bath","-- sqft","Multi Family","No Data","No Data","No Data","No Data","No Data"
"275","1280 Minnesota St APT 103, San Francisco, CA 94107 "," $4,650  /mo  ","2 beds","2 baths","1,125 sqft","Multi Family","No Data","No Data","No Data","No","No Data"
"276","145 Bella Vista Way # A, San Francisco, CA 94127 "," $5,995  /mo  ","3 beds","2 baths","1,700 sqft","Apartment","In Unit","No Data","No Data","Cats, large dogs, small dogs","Garage - Attached"
"277","1069 Francisco St, San Francisco, CA 94109 "," $6,200  /mo  ","3 beds","2 baths","1,708 sqft","Apartment","In Unit","Forced air","No Data","No","Off street, On street"
"278","1023 Church St APT 4, San Francisco, CA 94114 "," $3,900  /mo  ","2 beds","1 bath","722 sqft","Multi Family","No Data","No Data","No Data","No","No Data"
"279","455 Burnett Ave, San Francisco, CA 94131 "," $2,800  /mo  ","1 bed","1 bath","-- sqft","Apartment","Shared","No Data","No Data","Cats","Garage - Attached"
"280","74 Cook St, San Francisco, CA 94118 "," $4,200  /mo  ","3 beds","2 baths","-- sqft","Apartment","No Data","Forced air","No Data","No","Off street"
"281","530 Grove St APT 3, San Francisco, CA 94102 "," $2,500  /mo  ","Studio","1 bath","-- sqft","Apartment","No Data","No Data","No Data","No","On street"
"282","2801 Jackson St APT 304, San Francisco, CA 94115 "," $6,000  /mo  ","2 beds","1 bath","1,200 sqft","Apartment","Shared","No Data","No Data","Cats, small dogs","Garage - Attached, Garage - Detached"
"283","1645 Golden Gate Ave APT 2, San Francisco, CA 94115 "," $3,395  /mo  ","1 bed","1 bath","775 sqft","Apartment","Shared","No Data","No Data","No","No Data"
"284","Harrison StIncomplete address or missing price?Sometimes listing partners send Zillow listings that do not include a full address or price.To get more details on this property, please contact the listing agent, brokerage, or listing provider. San Francisco, CA 94105 "," $3,299  /mo  ","1 bed","1 bath","658 sqft","Multi Family","In Unit","No Data","No Data","Small dogs","Garage - Detached"
"285","1170 Sacramento St APT 16A, San Francisco, CA 94108 "," $14,000  /mo  ","2 beds","2 baths","2,070 sqft","Multi Family","No Data","No Data","No Data","Cats, small dogs","No Data"
"286","188 15th Ave, San Francisco, CA 94118 "," $5,195  /mo  ","2 beds","2 baths","1,600 sqft","Multi Family","No Data","No Data","No Data","Cats, small dogs","No Data"
"287","716 2nd Ave APT 3, San Francisco, CA 94118 "," $3,495  /mo  ","1 bed","1 bath","550 sqft","Multi Family","No Data","No Data","No Data","Cats, small dogs","1 space"
"288","738 Long Bridge St APT 512, San Francisco, CA 94158 "," $5,495  /mo  ","2 beds","2 baths","1,210 sqft","Multi Family","No Data","Forced air","Central","No","No Data"
"289","1 Daniel Burnham Ct, San Francisco, CA 94109 "," $3,500  /mo  ","1 bed","1 bath","600 sqft","Multi Family","Shared","Forced air","No Data","Cats, large dogs, small dogs","Garage - Detached, Off street"
"290","Clayton StIncomplete address or missing price?Sometimes listing partners send Zillow listings that do not include a full address or price.To get more details on this property, please contact the listing agent, brokerage, or listing provider. San Francisco, CA 94114 "," $2,800  /mo  ","1 bed","1 bath","-- sqft","Multi Family","Shared","Forced air","Central","Cats","Garage - Attached"
"291","855 Folsom St APT 903, San Francisco, CA 94107 "," $4,799  /mo  ","2 beds","2 baths","1,100 sqft","Apartment","In Unit","Forced air","No Data","Cats, small dogs","Carport"
"292","1737 Scott St, San Francisco, CA 94115 "," $3,995  /mo  ","2 beds","2 baths","-- sqft","Apartment","In Unit","Forced air","No Data","No","No Data"
"293","1633 California St APT 114, San Francisco, CA 94109 "," $2,600  /mo  ","1 bed","1 bath","-- sqft","Apartment","No Data","No Data","No Data","No","No Data"
"294","1 Hawthorne St UNIT 3F, San Francisco, CA 94105 "," $3,500  /mo  ","1 bed","1 bath","498 sqft","Multi Family","No Data","No Data","No Data","No Data","Garage - Detached"
"295","2995 22nd St, San Francisco, CA 94110 "," $5,000  /mo  ","3 beds","1 bath","-- sqft","Apartment","No Data","No Data","No Data","No","No Data"
"296","Waller StIncomplete address or missing price?Sometimes listing partners send Zillow listings that do not include a full address or price.To get more details on this property, please contact the listing agent, brokerage, or listing provider. San Francisco, CA 94117 "," $4,100  /mo  ","2 beds","1 bath","-- sqft","Apartment","Shared","Forced air","No Data","Cats, large dogs, small dogs","Carport, Off street"
"297","Waller StIncomplete address or missing price?Sometimes listing partners send Zillow listings that do not include a full address or price.To get more details on this property, please contact the listing agent, brokerage, or listing provider. San Francisco, CA 94117 "," $3,500  /mo  ","1 bed","1 bath","-- sqft","Apartment","Shared","No Data","No Data","Cats, large dogs, small dogs","Off street"
"298","2033 Oak St # B, San Francisco, CA 94117 "," $4,900  /mo  ","3 beds","2 baths","1,200 sqft","Multi Family","Shared","Forced air","No Data","Cats, large dogs, small dogs","No Data"
"299","807 Burnett Ave APT 3, San Francisco, CA 94131 "," $5,950  /mo  ","2 beds","2 baths","-- sqft","Apartment","Shared","Forced air","No Data","Cats, small dogs","Garage - Attached"
"300","633 Masonic Ave, San Francisco, CA 94117 "," $6,500  /mo  ","2 beds","1 bath","3,110 sqft","Apartment","No Data","Forced air","No Data","Cats","On street"
"301","821 Geary St APT 4, San Francisco, CA 94109 "," $2,095  /mo  ","Studio","1 bath","-- sqft","Apartment","No Data","No Data","No Data","Cats","No Data"
"302","1091 Bush St, San Francisco, CA 94109 "," $1,800  /mo  ","Studio","1 bath","-- sqft","Apartment","No Data","No Data","No Data","No","No Data"
"303","2539 Lombard St, San Francisco, CA 94123 "," $3,499  /mo  ","1 bed","1 bath","900 sqft","Apartment","Shared","Forced air","No Data","Cats, small dogs","Off street"
"304","1769 Lombard St # A, San Francisco, CA 94123 "," $2,800  /mo  ","1 bed","1 bath","775 sqft","Apartment","No Data","Forced air","No Data","Cats, large dogs, small dogs","No Data"
"305","2266 Washington St APT 8, San Francisco, CA 94115 "," $3,900  /mo  ","2 beds","2 baths","-- sqft","Multi Family","No Data","No Data","No Data","No Data","Off street"
"306","899 Green St APT 110, San Francisco, CA 94133 "," $3,400  /mo  ","1 bed","1 bath","-- sqft","Multi Family","No Data","No Data","No Data","No Data","No Data"
"307","Van Ness AveIncomplete address or missing price?Sometimes listing partners send Zillow listings that do not include a full address or price.To get more details on this property, please contact the listing agent, brokerage, or listing provider. San Francisco, CA 94102 "," $4,700  /mo  ","1 bed","1 bath","830 sqft","Multi Family","In Unit","No Data","No Data","No","No Data"
"308","New Montgomery StIncomplete address or missing price?Sometimes listing partners send Zillow listings that do not include a full address or price.To get more details on this property, please contact the listing agent, brokerage, or listing provider. San Francisco, CA 94105 "," $5,500  /mo  ","1 bed","1 bath","700 sqft","Multi Family","In Unit","No Data","No Data","No Data","No Data"
"309","2101 Baker St APT 8, San Francisco, CA 94115 "," $3,500  /mo  ","1 bed","1 bath","815 sqft","Multi Family","No Data","No Data","No Data","No","No Data"
"310","1437 17th Avenue # FL 1ST, San Francisco, CA 94122 "," $4,000  /mo  ","2 beds","2 baths","-- sqft","Apartment","No Data","Forced air","No Data","No","Off street"
"311","1184 Alabama St, San Francisco, CA 94110 "," $3,600  /mo  ","3 beds","1 bath","900 sqft","Apartment","No Data","Forced air","No Data","Cats","No Data"
"312","790 43rd Ave # INLAW, San Francisco, CA 94121 "," $2,300  /mo  ","2 beds","1 bath","460 sqft","Apartment","No Data","Forced air","No Data","No","On street"
"313","1405 Van Ness Ave, San Francisco, CA 94109 "," $3,595  /mo  ","2 beds","1 bath","-- sqft","Apartment","Shared","Forced air","No Data","Cats, small dogs","Off street"
"314","1531 Francisco St, San Francisco, CA 94123 "," $2,495  /mo  ","Studio","1 bath","600 sqft","Apartment","No Data","No Data","No Data","No","On street"
"315","1101 999 Pine St # 1101, San Francisco, CA 94108 "," $3,595  /mo  ","1 bed","1 bath","650 sqft","Multi Family","In Unit","No Data","No Data","No Data","Garage - Attached"
"316","2085 Sacramento St, San Francisco, CA 94109 "," $2,295  /mo  ","Studio","1 bath","-- sqft","Multi Family","Shared","No Data","No Data","No","No Data"
"317","1153 Fell St, San Francisco, CA 94117 "," $4,500  /mo  ","3 beds","1 bath","2,788 sqft","Apartment","Shared","Forced air","No Data","Cats, small dogs","No Data"
"318","455 14th St # 3RD, San Francisco, CA 94103 "," $6,495  /mo  ","3 beds","2 baths","-- sqft","Apartment","In Unit","No Data","No Data","Cats, small dogs","No Data"
"319","1530 Pershing Dr APT A, San Francisco, CA 94129 "," $3,385  /mo  ","2 beds","1 bath","835 sqft","Apartment","In Unit","No Data","No Data","No","Carport, Off street"
"320","16th AveIncomplete address or missing price?Sometimes listing partners send Zillow listings that do not include a full address or price.To get more details on this property, please contact the listing agent, brokerage, or listing provider. San Francisco, CA 94118 "," $2,100  /mo  ","1 bed","1 bath","-- sqft","Multi Family","Shared","Radiant","None","No","On street"
"321","2379 20th Ave APT 6, San Francisco, CA 94116 "," $3,197  /mo  ","2 beds","1 bath","-- sqft","Multi Family","No Data","No Data","No Data","No","No Data"
"322","34 Joice St APT 2, San Francisco, CA 94108 "," $2,350  /mo  ","1 bed","1 bath","450 sqft","Apartment","No Data","Forced air","No Data","No","No Data"
"323","Folsom StIncomplete address or missing price?Sometimes listing partners send Zillow listings that do not include a full address or price.To get more details on this property, please contact the listing agent, brokerage, or listing provider. San Francisco, CA 94110 "," $3,000  /mo  ","1 bed","1 bath","1,632 sqft","Apartment","No Data","No Data","No Data","No","On street"
"324","Buchanan StIncomplete address or missing price?Sometimes listing partners send Zillow listings that do not include a full address or price.To get more details on this property, please contact the listing agent, brokerage, or listing provider. San Francisco, CA 94102 "," $4,650  /mo  ","1 bed","1 bath","600 sqft","Multi Family","In Unit","No Data","No Data","No Data","Garage - Attached"
"325","1335 Bay St APT 3, San Francisco, CA 94123 "," $3,600  /mo  ","1 bed","1 bath","567 sqft","Apartment","Shared","Forced air","Other","No","Garage - Attached"
"326","2125 20th Ave # IN, San Francisco, CA 94116 "," $2,000  /mo  ","1 bed","1 bath","-- sqft","Apartment","Shared","No Data","No Data","No","Off street, On street"
"327","1728 Bryant St # COMMERCIAL, San Francisco, CA 94110 "," $3,900  /mo  ","1 bed","1 bath","-- sqft","Apartment","No Data","No Data","No Data","No","No Data"
"328","2808 Market St, San Francisco, CA 94114 "," $2,995  /mo  ","1 bed","1 bath","500 sqft","Apartment","In Unit","Forced air","No Data","No","Garage - Attached"
"329","1333 Hayes St, San Francisco, CA 94117 "," $10,895  /mo  ","5 beds","2 baths","1,700 sqft","Multi Family","No Data","No Data","No Data","Cats, small dogs","On street"
"330","1998 Broadway APT 701, San Francisco, CA 94109 "," $4,950  /mo  ","2 beds","2 baths","1,030 sqft","Multi Family","Shared","No Data","No Data","Cats, small dogs","Garage - Detached"
"331","429 Corbett Avenue # FL 3RD, San Francisco, CA 94114 "," $3,770  /mo  ","2 beds","1 bath","980 sqft","Apartment","Shared","Forced air","No Data","Cats","On street"
"332","811 14th St, San Francisco, CA 94114 "," $3,750  /mo  ","2 beds","1 bath","-- sqft","Multi Family","No Data","No Data","No Data","No","No Data"
"333","627 Corbett Ave APT 5, San Francisco, CA 94114 "," $2,200  /mo  ","Studio","1 bath","200 sqft","Apartment","Shared","Forced air","No Data","No","Garage - Attached, Garage - Detached"
"334","2625 Hyde St, San Francisco, CA 94109 "," $5,250  /mo  ","4 beds","1 bath","-- sqft","Apartment","In Unit","No Data","No Data","Cats","No Data"
"335","191 Frederick St APT 14, San Francisco, CA 94117 "," $2,250  /mo  ","Studio","1 bath","-- sqft","Multi Family","Shared","No Data","No Data","Cats","No Data"
"336","2086 Bush St # 5, San Francisco, CA 94115 "," $3,800  /mo  ","2 beds","1 bath","800 sqft","Apartment","No Data","No Data","No Data","Cats, small dogs","On street"
"337","168 Hyde St APT 407, San Francisco, CA 94102 "," $1,700  /mo  ","Studio","1 bath","225 sqft","Apartment","Shared","Forced air","No Data","No","On street"
"338","940-942 Hayes, San Francisco, CA 94117 "," $4,595  /mo  ","2 beds","1 bath","879 sqft","Multi Family","No Data","No Data","No Data","No Data","No Data"
"339","747 Geary St, San Francisco, CA 94109 "," $2,895  /mo  ","1 bed","1 bath","860 sqft","Apartment","Shared","No Data","No Data","Cats","No Data"
"340","823 Carolina St, San Francisco, CA 94107 "," $2,500  /mo  ","Studio","1 bath","800 sqft","Apartment","Shared","Forced air","No Data","No","Off street"
"341","1951 48th Ave, San Francisco, CA 94116 "," $2,900  /mo  ","2 beds","1 bath","2,200 sqft","Apartment","No Data","No Data","No Data","No","Garage - Attached"
"342","2755 Franklin St APT 4, San Francisco, CA 94123 "," $3,300  /mo  ","1 bed","1 bath","-- sqft","Apartment","Shared","No Data","No Data","No","Garage - Attached"
"343","101 Leland Ave # 99101, San Francisco, CA 94134 "," $3,500  /mo  ","3 beds","2 baths","1,100 sqft","Apartment","Shared","No Data","No Data","No","No Data"
"344","2341 Union St APT 3, San Francisco, CA 94123 "," $3,495  /mo  ","1 bed","1 bath","650 sqft","Apartment","Shared","Forced air","No Data","No","Garage - Attached"
"345","1000 Judah St APT 303, San Francisco, CA 94122 "," $2,725  /mo  ","1 bed","1 bath","750 sqft","Multi Family","Shared","No Data","No Data","No","No Data"
"346","Dalewood Way #Incomplete address or missing price?Sometimes listing partners send Zillow listings that do not include a full address or price.To get more details on this property, please contact the listing agent, brokerage, or listing provider. San Francisco, CA 94127 "," $2,800  /mo  ","1 bed","1 bath","825 sqft","Apartment","Shared","Forced air","No Data","No","Garage - Attached"
"347","3673-3675 19th Street 3673a 19th St, San Francisco, CA 94110 "," $3,800  /mo  ","2 beds","1 bath","-- sqft","Apartment","No Data","No Data","No Data","Cats, small dogs","No Data"
"348","781 Guerrero St, San Francisco, CA 94110 "," $3,450  /mo  ","2 beds","1 bath","-- sqft","Multi Family","No Data","No Data","No Data","No Data","No Data"
"349","467 8th Ave APT 1, San Francisco, CA 94118 "," $2,825  /mo  ","1 bed","1 bath","750 sqft","Multi Family","Shared","No Data","No Data","No","No Data"
"350","Francisco StIncomplete address or missing price?Sometimes listing partners send Zillow listings that do not include a full address or price.To get more details on this property, please contact the listing agent, brokerage, or listing provider. San Francisco, CA 94133 "," $10,000  /mo  ","2 beds","2 baths","1,400 sqft","Multi Family","No Data","Radiant","Central","No","Garage - Attached"
"351","Cervantes BlvdIncomplete address or missing price?Sometimes listing partners send Zillow listings that do not include a full address or price.To get more details on this property, please contact the listing agent, brokerage, or listing provider. San Francisco, CA 94123 "," $3,900  /mo  ","1 bed","1 bath","-- sqft","Apartment","Shared","No Data","No Data","No","No Data"
"352","California StIncomplete address or missing price?Sometimes listing partners send Zillow listings that do not include a full address or price.To get more details on this property, please contact the listing agent, brokerage, or listing provider. San Francisco, CA 94109 "," $2,650  /mo  ","1 bed","1 bath","-- sqft","Apartment","Shared","No Data","No Data","Cats","On street"
"353","37 States St APT 8, San Francisco, CA 94114 "," $2,495  /mo  ","Studio","1 bath","-- sqft","Multi Family","No Data","No Data","No Data","No Data","No Data"
"354","760 12th Avenue # Top Floor, San Francisco, CA 94118 "," $5,200  /mo  ","2 beds","2 baths","1,600 sqft","Apartment","In Unit","Forced air","Central","Cats, small dogs","Garage - Attached"
"355","425 Marina Blvd, San Francisco, CA 94123 "," $20,000  /mo  ","4 beds","4 baths","4,610 sqft","Multi Family","In Unit","Forced air","Central","No Data","No Data"
"356","1177 California St APT 814, San Francisco, CA 94108 "," $5,500  /mo  ","2 beds","2.5 baths","1,399 sqft","Multi Family","No Data","No Data","No Data","No Data","No Data"
"357","453 Union St # 453A, San Francisco, CA 94133 "," $2,800  /mo  ","1 bed","1 bath","600 sqft","Apartment","No Data","No Data","No Data","No","No Data"
"358","469 Clementina St, San Francisco, CA 94103 "," $3,195  /mo  ","1 bed","1 bath","700 sqft","Apartment","Shared","Forced air","Central","No","Garage - Attached"
"359","125 Gilbert St APT 8, San Francisco, CA 94103 "," $5,000  /mo  ","2 beds","2.5 baths","1,540 sqft","Multi Family","In Unit","Forced air","No Data","No Data","Garage - Attached"
"360","4126 17th St, San Francisco, CA 94114 "," $9,000  /mo  ","3 beds","3.5 baths","2,100 sqft","Multi Family","In Unit","No Data","No Data","No Data","Garage - Attached"
"361","42 Castro St APT 6, San Francisco, CA 94114 "," $2,675  /mo  ","Studio","1 bath","-- sqft","Apartment","Shared","No Data","No Data","Cats, small dogs","No Data"
"362","3317 Anza St, San Francisco, CA 94121 "," $5,800  /mo  ","4 beds","2 baths","1,500 sqft","Apartment","No Data","Forced air","No Data","No","No Data"
"363","140 Jersey St, San Francisco, CA 94114 "," $5,195  /mo  ","3 beds","1 bath","1,200 sqft","Apartment","In Unit","No Data","No Data","Cats, small dogs","Garage - Attached"
"364","1640 Golden Gate Ave # 10, San Francisco, CA 94115 "," $1,750  /mo  ","Studio","1 bath","-- sqft","Multi Family","No Data","No Data","No Data","No","No Data"
"365","Golden Gate AveIncomplete address or missing price?Sometimes listing partners send Zillow listings that do not include a full address or price.To get more details on this property, please contact the listing agent, brokerage, or listing provider. San Francisco, CA 94118 "," $2,150  /mo  ","1 bed","1 bath","-- sqft","Multi Family","Shared","Forced air","None","No","On street"
"366","2192 15th St, San Francisco, CA 94114 "," $5,995  /mo  ","3 beds","2 baths","1,600 sqft","Apartment","In Unit","No Data","No Data","Cats, small dogs","No Data"
"367","1108 Lake St, San Francisco, CA 94118 "," $2,975  /mo  ","2 beds","1 bath","-- sqft","Apartment","No Data","No Data","Central","No","On street"
"368","1695 10th Ave APT 2, San Francisco, CA 94122 "," $2,350  /mo  ","1 bed","1 bath","-- sqft","Apartment","Shared","No Data","Central","No","On street"
"369","2652 Harrison St APT 306, San Francisco, CA 94110 "," $3,895  /mo  ","1 bed","1.5 baths","-- sqft","Apartment","In Unit","Forced air","No Data","No","Garage - Attached"
"370","1530 Irving St APT 1, San Francisco, CA 94122 "," $2,395  /mo  ","1 bed","1 bath","-- sqft","Multi Family","Shared","No Data","No Data","No","No Data"
"371","3543 23rd St # B, San Francisco, CA 94110 "," $3,095  /mo  ","1 bed","1 bath","-- sqft","Multi Family","Shared","No Data","No Data","No","On street"
"372","1315 Cole St, San Francisco, CA 94117 "," $6,290  /mo  ","3 beds","1 bath","1,900 sqft","Multi Family","No Data","No Data","No Data","Cats, small dogs","No Data"
"373","770 Natoma St APT 5, San Francisco, CA 94103 "," $3,590  /mo  ","2 beds","1 bath","560 sqft","Multi Family","No Data","No Data","No Data","No","On street"
"374","980 Capp St, San Francisco, CA 94110 "," $2,300  /mo  ","1 bed","1 bath","4,882 sqft","Apartment","No Data","Forced air","Wall","No","No Data"
"375","83 Mcallister St APT 505, San Francisco, CA 94102 "," $2,995  /mo  ","1 bed","1 bath","409 sqft","Multi Family","Shared","No Data","No Data","No","On street"
"376","3346 Clay St, San Francisco, CA 94118 "," $14,995  /mo  ","5 beds","3 baths","2,754 sqft","Multi Family","No Data","No Data","No Data","No","No Data"
"377","1115 Polk St APT 31, San Francisco, CA 94109 "," $2,495  /mo  ","1 bed","1 bath","500 sqft","Multi Family","No Data","No Data","No Data","No Data","On street"
"378","Mission StIncomplete address or missing price?Sometimes listing partners send Zillow listings that do not include a full address or price.To get more details on this property, please contact the listing agent, brokerage, or listing provider. San Francisco, CA 94103 "," $4,495  /mo  ","2 beds","2 baths","1,075 sqft","Multi Family","In Unit","Forced air","Central","Cats, small dogs","Garage - Attached"
"379","Mission StIncomplete address or missing price?Sometimes listing partners send Zillow listings that do not include a full address or price.To get more details on this property, please contact the listing agent, brokerage, or listing provider. San Francisco, CA 94103 "," $5,900  /mo  ","2 beds","2 baths","1,031 sqft","Multi Family","In Unit","Forced air","Central","No Data","No Data"
"380","Mission StIncomplete address or missing price?Sometimes listing partners send Zillow listings that do not include a full address or price.To get more details on this property, please contact the listing agent, brokerage, or listing provider. San Francisco, CA 94103 "," $3,195  /mo  ","1 bed","1 bath","756 sqft","Multi Family","In Unit","Forced air","None","No","On street"
"381","(Undisclosed Address)Incomplete address or missing price?Sometimes listing partners send Zillow listings that do not include a full address or price.To get more details on this property, please contact the listing agent, brokerage, or listing provider. San Francisco, CA 94133 "," $4,900  /mo  ","1 bed","1 bath","1,035 sqft","Multi Family","Shared","Radiant","None","No","Garage - Detached"
"382","Greenwich StIncomplete address or missing price?Sometimes listing partners send Zillow listings that do not include a full address or price.To get more details on this property, please contact the listing agent, brokerage, or listing provider. San Francisco, CA 94123 "," $5,900  /mo  ","2 beds","1 bath","1,100 sqft","Multi Family","In Unit","No Data","No Data","No Data","No Data"
"383","Funston AveIncomplete address or missing price?Sometimes listing partners send Zillow listings that do not include a full address or price.To get more details on this property, please contact the listing agent, brokerage, or listing provider. San Francisco, CA 94118 "," $3,600  /mo  ","2 beds","2 baths","-- sqft","Apartment","Shared","No Data","No Data","Cats","Off street"
"384","480 Mission Bay Blvd N UNIT 512, San Francisco, CA 94158 "," $5,100  /mo  ","2 beds","2 baths","1,226 sqft","Apartment","In Unit","Forced air","Central","No Data","Garage - Attached"
"385","495 Francisco St # D, San Francisco, CA 94133 "," $2,900  /mo  ","1 bed","1 bath","700 sqft","Apartment","No Data","No Data","No Data","Cats","On street"
"386","2576 Washington St APT 4, San Francisco, CA 94115 "," $3,000  /mo  ","1 bed","1 bath","-- sqft","Apartment","Shared","Forced air","No Data","Cats","No Data"
"387","139 Porter St, San Francisco, CA 94110 "," $2,950  /mo  ","2 beds","2 baths","-- sqft","Apartment","In Unit","No Data","No Data","No","Garage - Attached"
"388","36 Sheridan St, San Francisco, CA 94103 "," $5,700  /mo  ","3 beds","2 baths","1,600 sqft","Apartment","In Unit","No Data","No Data","No","No Data"
"389","955 Bush St APT 506, San Francisco, CA 94109 "," $1,850  /mo  ","Studio","1 bath","-- sqft","Multi Family","No Data","No Data","No Data","No Data","No Data"
"390","1815 Powell St APT 11, San Francisco, CA 94133 "," $1,900  /mo  ","Studio","1 bath","-- sqft","Apartment","No Data","No Data","No Data","Cats","No Data"
"391","2655 Pine St, San Francisco, CA 94115 "," $2,650  /mo  ","1 bed","1 bath","-- sqft","Apartment","Shared","No Data","No Data","No","On street"
"392","131 Hartford St # B, San Francisco, CA 94114 "," $4,000  /mo  ","2 beds","1 bath","900 sqft","Multi Family","In Unit","No Data","No Data","Cats, large dogs, small dogs","Garage - Detached"
"393","2016 California St APT 2, San Francisco, CA 94109 "," $2,995  /mo  ","1 bed","1 bath","-- sqft","Apartment","No Data","No Data","No Data","No","On street"
"394","1740 Filbert St # 1ST, San Francisco, CA 94123 "," $3,499  /mo  ","2 beds","1 bath","700 sqft","Apartment","No Data","Forced air","No Data","Cats, small dogs","Garage - Attached"
"395","2477 California St, San Francisco, CA 94115 "," $4,500  /mo  ","1 bed","1 bath","1,100 sqft","Apartment","Shared","Forced air","No Data","Cats, small dogs","On street"
"396","1415 5th Ave APT 2, San Francisco, CA 94122 "," $2,600  /mo  ","1 bed","1 bath","-- sqft","Multi Family","No Data","No Data","No Data","No","No Data"
"397","1289 22nd Ave APT 103, San Francisco, CA 94122 "," $2,650  /mo  ","2 beds","1 bath","-- sqft","Multi Family","No Data","Forced air","No Data","No","Carport, Garage - Attached"
"398","Lincoln WayIncomplete address or missing price?Sometimes listing partners send Zillow listings that do not include a full address or price.To get more details on this property, please contact the listing agent, brokerage, or listing provider. San Francisco, CA 94122 "," $2,750  /mo  ","1 bed","1 bath","-- sqft","Apartment","Shared","No Data","No Data","No","On street"
"399","1220 14th Ave, San Francisco, CA 94122 "," $2,550  /mo  ","1 bed","1 bath","-- sqft","Apartment","Shared","Forced air","No Data","Cats","Carport"
"400","Hayes StIncomplete address or missing price?Sometimes listing partners send Zillow listings that do not include a full address or price.To get more details on this property, please contact the listing agent, brokerage, or listing provider. San Francisco, CA 94102 "," $5,750  /mo  ","3 beds","2 baths","-- sqft","Multi Family","Shared","Wall","None","Cats, small dogs","On street"
"401","1966 Pacific Ave, San Francisco, CA 94109 "," $6,200  /mo  ","2 beds","2 baths","1,115 sqft","Multi Family","In Unit","No Data","No Data","No","Carport, Garage - Attached, Off street"
"402","3026 Clement St, San Francisco, CA 94121 "," $5,595  /mo  ","4 beds","3.5 baths","1,600 sqft","Apartment","No Data","Forced air","No Data","No","On street"
"403","919 Sutter St, San Francisco, CA 94109 "," $1,895  /mo  ","Studio","1 bath","575 sqft","Apartment","Shared","No Data","No Data","No","On street"
"404","8200 Oceanview Ter APT 213, San Francisco, CA 94132 "," $2,880  /mo  ","1 bed","1 bath","784 sqft","Multi Family","In Unit","No Data","No Data","No","No Data"
"405","95 Grand View Ave, San Francisco, CA 94114 "," $3,550  /mo  ","1 bed","1 bath","623 sqft","Multi Family","No Data","No Data","No Data","No Data","Garage - Attached"
"406","904 Corbett Ave, San Francisco, CA 94131 "," $3,245  /mo  ","2 beds","1 bath","-- sqft","Apartment","No Data","No Data","No Data","No","Garage - Attached"
"407","722 Larkin St APT 7, San Francisco, CA 94109 "," $2,700  /mo  ","2 beds","1 bath","-- sqft","Apartment","No Data","No Data","No Data","Cats","No Data"
"408","208 28th St APT 203, San Francisco, CA 94131 "," $5,250  /mo  ","2 beds","2 baths","1,000 sqft","Apartment","In Unit","No Data","No Data","No","Garage - Attached"
"409","508 Octavia St APT 9, San Francisco, CA 94102 "," $2,795  /mo  ","1 bed","1 bath","-- sqft","Apartment","No Data","No Data","No Data","Cats","No Data"
"410","451A 26th Ave, San Francisco, CA 94121 "," $5,000  /mo  ","4 beds","2 baths","-- sqft","Multi Family","No Data","No Data","No Data","No","No Data"
"411","113 Laidley St # A, San Francisco, CA 94131 "," $2,750  /mo  ","1 bed","1 bath","700 sqft","Multi Family","No Data","No Data","No Data","Cats","No Data"
"412","711 22nd St, San Francisco, CA 94107 "," $2,500  /mo  ","1 bed","1 bath","550 sqft","Apartment","Shared","No Data","No Data","No","No Data"
"413","628 Hyde Street # FL GROUND, San Francisco, CA 94109 "," $2,400  /mo  ","Studio","1 bath","550 sqft","Apartment","No Data","Forced air","No Data","No","No Data"
"414","1816 Filbert St, San Francisco, CA 94123 "," $2,350  /mo  ","1 bed","1 bath","-- sqft","Apartment","Shared","No Data","No Data","No","On street"
"415","2425 Buchanan St APT 101, San Francisco, CA 94115 "," $3,200  /mo  ","1 bed","1 bath","-- sqft","Multi Family","No Data","No Data","No Data","Cats, small dogs","No Data"
"416","2350 Van Ness Ave, San Francisco, CA 94109 "," $2,495  /mo  ","Studio","1 bath","-- sqft","Multi Family","No Data","No Data","No Data","Cats, small dogs","No Data"
"417","1530 Gough St APT 405, San Francisco, CA 94109 "," $2,400  /mo  ","Studio","1 bath","600 sqft","Multi Family","No Data","No Data","No Data","No Data","No Data"
"418","20 Natick St # 1A, San Francisco, CA 94131 "," $5,185  /mo  ","3 beds","2 baths","1,392 sqft","Apartment","In Unit","No Data","No Data","Cats, large dogs, small dogs","Carport, Garage - Detached"
"419","California StIncomplete address or missing price?Sometimes listing partners send Zillow listings that do not include a full address or price.To get more details on this property, please contact the listing agent, brokerage, or listing provider. San Francisco, CA 94109 "," $3,645  /mo  ","1 bed","1 bath","-- sqft","Multi Family","In Unit","Forced air","No Data","Cats, small dogs","Garage - Attached"
"420","Greenwich StIncomplete address or missing price?Sometimes listing partners send Zillow listings that do not include a full address or price.To get more details on this property, please contact the listing agent, brokerage, or listing provider. San Francisco, CA 94123 "," $4,250  /mo  ","2 beds","1 bath","-- sqft","Multi Family","Shared","Forced air","No Data","No","Garage - Attached"
"421","2629 Folsom St, San Francisco, CA 94110 "," $2,550  /mo  ","1 bed","1 bath","550 sqft","Apartment","Shared","No Data","No Data","Cats","Carport"
"422","1255 Taylor St APT 1, San Francisco, CA 94108 "," $3,500  /mo  ","1 bed","1 bath","750 sqft","Apartment","No Data","Forced air","Central","No","On street"
